id,name,value
1,row_001,10
2,row_002,20
3,row_003,30
4,row_004,40
5,row_005,50
6,row_006,60
7,row_007,70
8,row_008,80
9,row_009,90
10,row_010,100
11,row_011,110
12,row_012,120
13,row_013,130
14,row_014,140
15,row_015,150
16,row_016,160
17,row_017,170
18,row_018,180
19,row_019,190
20,row_020,200
21,row_021,210
22,row_022,220
23,row_023,230
24,row_024,240
25,row_025,250
26,row_026,260
27,row_027,270
28,row_028,280
29,row_029,290
30,row_030,300
31,row_031,310
32,row_032,320
33,row_033,330
34,row_034,340
35,row_035,350
36,row_036,360
37,row_037,370
38,row_038,380
39,row_039,390
40,row_040,400
41,row_041,410
42,row_042,420
43,row_043,430
44,row_044,440
45,row_045,450
46,row_046,460
47,row_047,470
48,row_048,480
49,row_049,490
50,row_050,500
51,row_051,510
52,row_052,520
53,row_053,530
54,row_054,540
55,row_055,550
56,row_056,560
57,row_057,570
58,row_058,580
59,row_059,590
60,row_060,600
61,row_061,610
62,row_062,620
63,row_063,630
64,row_064,640
65,row_065,650
66,row_066,660
67,row_067,670
68,row_068,680
69,row_069,690
70,row_070,700
71,row_071,710
72,row_072,720
73,row_073,730
74,row_074,740
75,row_075,750
76,row_076,760
77,row_077,770
78,row_078,780
79,row_079,790
80,row_080,800
81,row_081,810
82,row_082,820
83,row_083,830
84,row_084,840
85,row_085,850
86,row_086,860
87,row_087,870
88,row_088,880
89,row_089,890
90,row_090,900
91,row_091,910
92,row_092,920
93,row_093,930
94,row_094,940
95,row_095,950
96,row_096,960
97,row_097,970
98,row_098,980
99,row_099,990
